[{"model": "admin.logentry", "pk": 1, "fields": {"action_time": "2021-11-15T18:29:32.305Z", "user": 1, "content_type": 14, "object_id": "1", "object_repr": "Incoming Video Call Icon", "action_flag": 2, "change_message": "[{\"changed\": {\"fields\": [\"Price\"]}}]"}}, {"model": "admin.logentry", "pk": 2, "fields": {"action_time": "2021-11-17T16:34:17.435Z", "user": 1, "content_type": 17, "object_id": "1", "object_repr": "35B91712377340039D1FD58CDCFAE570", "action_flag": 2, "change_message": "[{\"deleted\": {\"name\": \"order line item\", \"object\": \"SKU pp5001600425 on order 35B91712377340039D1FD58CDCFAE570\"}}, {\"deleted\": {\"name\": \"order line item\", \"object\": \"SKU pp5003090186 on order 35B91712377340039D1FD58CDCFAE570\"}}]"}}, {"model": "admin.logentry", "pk": 3, "fields": {"action_time": "2021-11-17T16:35:12.552Z", "user": 1, "content_type": 17, "object_id": "1", "object_repr": "35B91712377340039D1FD58CDCFAE570", "action_flag": 3, "change_message": ""}}, {"model": "admin.logentry", "pk": 4, "fields": {"action_time": "2021-11-17T17:07:20.914Z", "user": 1, "content_type": 17, "object_id": "2", "object_repr": "5AD132C00CFB44C0A7E81B16E4EF606C", "action_flag": 2, "change_message": "[{\"deleted\": {\"name\": \"order line item\", \"object\": \"SKU pp5001600425 on order 5AD132C00CFB44C0A7E81B16E4EF606C\"}}]"}}, {"model": "admin.logentry", "pk": 5, "fields": {"action_time": "2021-11-17T17:07:56.486Z", "user": 1, "content_type": 17, "object_id": "2", "object_repr": "5AD132C00CFB44C0A7E81B16E4EF606C", "action_flag": 2, "change_message": "[{\"deleted\": {\"name\": \"order line item\", \"object\": \"SKU pp5001730010 on order 5AD132C00CFB44C0A7E81B16E4EF606C\"}}]"}}, {"model": "admin.logentry", "pk": 6, "fields": {"action_time": "2021-11-17T17:08:08.093Z", "user": 1, "content_type": 17, "object_id": "2", "object_repr": "5AD132C00CFB44C0A7E81B16E4EF606C", "action_flag": 3, "change_message": ""}}, {"model": "admin.logentry", "pk": 7, "fields": {"action_time": "2021-11-17T17:31:08.613Z", "user": 1, "content_type": 17, "object_id": "6", "object_repr": "B1723F7251C84FAF8D88EF42D043F37A", "action_flag": 2, "change_message": "[{\"deleted\": {\"name\": \"order line item\", \"object\": \"SKU pp5001340155 on order B1723F7251C84FAF8D88EF42D043F37A\"}}]"}}, {"model": "admin.logentry", "pk": 8, "fields": {"action_time": "2021-11-17T17:31:17.614Z", "user": 1, "content_type": 17, "object_id": "6", "object_repr": "B1723F7251C84FAF8D88EF42D043F37A", "action_flag": 3, "change_message": ""}}, {"model": "admin.logentry", "pk": 9, "fields": {"action_time": "2021-11-17T17:31:17.645Z", "user": 1, "content_type": 17, "object_id": "5", "object_repr": "ED52B8D53E4941DF9520B6D5CE35201E", "action_flag": 3, "change_message": ""}}, {"model": "admin.logentry", "pk": 10, "fields": {"action_time": "2021-11-17T17:31:17.672Z", "user": 1, "content_type": 17, "object_id": "4", "object_repr": "DD65FDB2293A4781A8309E7C26A35517", "action_flag": 3, "change_message": ""}}, {"model": "admin.logentry", "pk": 11, "fields": {"action_time": "2021-11-17T17:31:17.703Z", "user": 1, "content_type": 17, "object_id": "3", "object_repr": "CABD0D84387F4AA0BDF8F258080CFF41", "action_flag": 3, "change_message": ""}}, {"model": "admin.logentry", "pk": 12, "fields": {"action_time": "2021-11-17T17:41:36.930Z", "user": 1, "content_type": 17, "object_id": "8", "object_repr": "32671F43AAFC4244B1A7A02A717223BC", "action_flag": 3, "change_message": ""}}, {"model": "admin.logentry", "pk": 13, "fields": {"action_time": "2021-11-17T17:41:36.963Z", "user": 1, "content_type": 17, "object_id": "7", "object_repr": "EC7EDBB0F6DE45DE9F3F315F936D1848", "action_flag": 3, "change_message": ""}}, {"model": "admin.logentry", "pk": 14, "fields": {"action_time": "2021-11-18T18:31:01.934Z", "user": 1, "content_type": 17, "object_id": "15", "object_repr": "C32D303E5C2641D7936E52801CD4BC80", "action_flag": 3, "change_message": ""}}, {"model": "admin.logentry", "pk": 15, "fields": {"action_time": "2021-11-18T18:31:01.967Z", "user": 1, "content_type": 17, "object_id": "14", "object_repr": "5A627DF376BB4E4E8F4B22149B3A4B6A", "action_flag": 3, "change_message": ""}}, {"model": "admin.logentry", "pk": 16, "fields": {"action_time": "2021-11-18T18:31:01.997Z", "user": 1, "content_type": 17, "object_id": "13", "object_repr": "4FDD83A2F3054272B487C1812DCD3AF0", "action_flag": 3, "change_message": ""}}, {"model": "admin.logentry", "pk": 17, "fields": {"action_time": "2021-11-18T18:31:02.029Z", "user": 1, "content_type": 17, "object_id": "12", "object_repr": "A865D46F93E5485D9B89427690B075E7", "action_flag": 3, "change_message": ""}}, {"model": "admin.logentry", "pk": 18, "fields": {"action_time": "2021-11-18T18:31:02.054Z", "user": 1, "content_type": 17, "object_id": "11", "object_repr": "F4A8404E715E4CE89664F4DE23C28D01", "action_flag": 3, "change_message": ""}}, {"model": "admin.logentry", "pk": 19, "fields": {"action_time": "2021-11-18T18:31:02.084Z", "user": 1, "content_type": 17, "object_id": "10", "object_repr": "56DCDCE12F6E46248AF9C8DFCFC519D0", "action_flag": 3, "change_message": ""}}, {"model": "admin.logentry", "pk": 20, "fields": {"action_time": "2021-11-18T18:31:02.109Z", "user": 1, "content_type": 17, "object_id": "9", "object_repr": "E89D969D68EE4E4D8A9F06A1A1103AB7", "action_flag": 3, "change_message": ""}}, {"model": "admin.logentry", "pk": 21, "fields": {"action_time": "2021-11-18T19:36:25.480Z", "user": 1, "content_type": 17, "object_id": "4", "object_repr": "F7092255FD6F414BB0E43FBC426E2E4B", "action_flag": 3, "change_message": ""}}, {"model": "admin.logentry", "pk": 22, "fields": {"action_time": "2021-11-18T19:36:25.597Z", "user": 1, "content_type": 17, "object_id": "3", "object_repr": "612C8EFC020F490589A4662635A3F79E", "action_flag": 3, "change_message": ""}}, {"model": "admin.logentry", "pk": 23, "fields": {"action_time": "2021-11-18T19:36:25.620Z", "user": 1, "content_type": 17, "object_id": "2", "object_repr": "3D56BD85315548E98812B2460A6FAB1C", "action_flag": 3, "change_message": ""}}, {"model": "admin.logentry", "pk": 24, "fields": {"action_time": "2021-11-18T19:36:25.642Z", "user": 1, "content_type": 17, "object_id": "1", "object_repr": "0B066ACA9B864817A65876B17CA5E2BA", "action_flag": 3, "change_message": ""}}, {"model": "admin.logentry", "pk": 25, "fields": {"action_time": "2021-11-19T00:07:00.641Z", "user": 1, "content_type": 17, "object_id": "3", "object_repr": "1EF35A743B354F9B85D5EA14B4A78148", "action_flag": 3, "change_message": ""}}, {"model": "admin.logentry", "pk": 26, "fields": {"action_time": "2021-11-19T00:07:00.668Z", "user": 1, "content_type": 17, "object_id": "2", "object_repr": "4E6DB5B783F6419C990F96CEAAEC5059", "action_flag": 3, "change_message": ""}}, {"model": "admin.logentry", "pk": 27, "fields": {"action_time": "2021-11-19T00:07:00.692Z", "user": 1, "content_type": 17, "object_id": "1", "object_repr": "2C7C26A871EF431D8667D5DD2B4CB609", "action_flag": 3, "change_message": ""}}, {"model": "admin.logentry", "pk": 28, "fields": {"action_time": "2021-11-19T21:43:33.059Z", "user": 1, "content_type": 14, "object_id": "174", "object_repr": "test2", "action_flag": 3, "change_message": ""}}, {"model": "admin.logentry", "pk": 29, "fields": {"action_time": "2021-11-19T21:43:33.106Z", "user": 1, "content_type": 14, "object_id": "173", "object_repr": "test", "action_flag": 3, "change_message": ""}}, {"model": "admin.logentry", "pk": 30, "fields": {"action_time": "2021-11-19T21:46:54.655Z", "user": 1, "content_type": 13, "object_id": "10", "object_repr": "deals", "action_flag": 1, "change_message": "[{\"added\": {}}]"}}, {"model": "admin.logentry", "pk": 31, "fields": {"action_time": "2021-11-19T21:47:44.484Z", "user": 1, "content_type": 14, "object_id": "116", "object_repr": "Halloween", "action_flag": 2, "change_message": "[{\"changed\": {\"fields\": [\"Category\"]}}]"}}, {"model": "admin.logentry", "pk": 32, "fields": {"action_time": "2021-11-19T21:48:18.802Z", "user": 1, "content_type": 13, "object_id": "9", "object_repr": "shirts", "action_flag": 3, "change_message": ""}}, {"model": "admin.logentry", "pk": 33, "fields": {"action_time": "2021-11-19T21:48:18.824Z", "user": 1, "content_type": 13, "object_id": "8", "object_repr": "new_arrivals", "action_flag": 3, "change_message": ""}}, {"model": "admin.logentry", "pk": 34, "fields": {"action_time": "2021-11-19T21:48:18.846Z", "user": 1, "content_type": 13, "object_id": "7", "object_repr": "kitchen_dining", "action_flag": 3, "change_message": ""}}, {"model": "admin.logentry", "pk": 35, "fields": {"action_time": "2021-11-19T21:48:18.867Z", "user": 1, "content_type": 13, "object_id": "5", "object_repr": "essentials", "action_flag": 3, "change_message": ""}}, {"model": "admin.logentry", "pk": 36, "fields": {"action_time": "2021-11-19T21:48:18.889Z", "user": 1, "content_type": 13, "object_id": "3", "object_repr": "clearance", "action_flag": 3, "change_message": ""}}, {"model": "admin.logentry", "pk": 37, "fields": {"action_time": "2021-11-19T21:48:18.910Z", "user": 1, "content_type": 13, "object_id": "1", "object_repr": "activewear", "action_flag": 3, "change_message": ""}}, {"model": "admin.logentry", "pk": 38, "fields": {"action_time": "2021-11-20T00:37:34.680Z", "user": 1, "content_type": 14, "object_id": "125", "object_repr": "Stylus Flare Jeans", "action_flag": 3, "change_message": ""}}, {"model": "admin.logentry", "pk": 39, "fields": {"action_time": "2021-11-20T00:37:34.709Z", "user": 1, "content_type": 14, "object_id": "127", "object_repr": "Levi's 527 Bootcut Jeans - Boys 8-20, Slim and Husky", "action_flag": 3, "change_message": ""}}, {"model": "admin.logentry", "pk": 40, "fields": {"action_time": "2021-11-20T00:37:34.732Z", "user": 1, "content_type": 14, "object_id": "132", "object_repr": "Alfred Dunner Essential Pull On Capri Pant", "action_flag": 3, "change_message": ""}}, {"model": "admin.logentry", "pk": 41, "fields": {"action_time": "2021-11-20T00:37:34.757Z", "user": 1, "content_type": 14, "object_id": "134", "object_repr": "Stylus Destructed Roll-Cuff Boyfriend Crop Jeans", "action_flag": 3, "change_message": ""}}, {"model": "admin.logentry", "pk": 42, "fields": {"action_time": "2021-11-20T00:37:34.780Z", "user": 1, "content_type": 14, "object_id": "135", "object_repr": "a.n.a Roll-Cuff Skinny Ankle Jeans", "action_flag": 3, "change_message": ""}}, {"model": "admin.logentry", "pk": 43, "fields": {"action_time": "2021-11-20T00:37:34.807Z", "user": 1, "content_type": 14, "object_id": "136", "object_repr": "Bounce Comfort Plush Memory Foam Chenille Bath Mats", "action_flag": 3, "change_message": ""}}, {"model": "admin.logentry", "pk": 44, "fields": {"action_time": "2021-11-20T00:37:34.833Z", "user": 1, "content_type": 14, "object_id": "143", "object_repr": "Arizona Cropped Jeans with Belt - Girls 7-16 and Plus", "action_flag": 3, "change_message": ""}}, {"model": "admin.logentry", "pk": 45, "fields": {"action_time": "2021-11-20T00:37:34.857Z", "user": 1, "content_type": 14, "object_id": "144", "object_repr": "Liz Claiborne City-Fit 5-Pocket Flared Cropped Jeans - Tall", "action_flag": 3, "change_message": ""}}, {"model": "admin.logentry", "pk": 46, "fields": {"action_time": "2021-11-20T00:37:34.883Z", "user": 1, "content_type": 14, "object_id": "147", "object_repr": "Island Shores Short-Sleeve Printed Camp Shirt", "action_flag": 3, "change_message": ""}}, {"model": "admin.logentry", "pk": 47, "fields": {"action_time": "2021-11-20T00:37:34.907Z", "user": 1, "content_type": 14, "object_id": "149", "object_repr": "Stylus Linen Crop Pants", "action_flag": 3, "change_message": ""}}, {"model": "admin.logentry", "pk": 48, "fields": {"action_time": "2021-11-20T00:37:34.927Z", "user": 1, "content_type": 14, "object_id": "152", "object_repr": "Arizona Raw-Edge Denim Bermuda Shorts - Juniors Plus", "action_flag": 3, "change_message": ""}}, {"model": "admin.logentry", "pk": 49, "fields": {"action_time": "2021-11-20T00:37:34.953Z", "user": 1, "content_type": 14, "object_id": "157", "object_repr": "Arizona Flex Skinny Jeans", "action_flag": 3, "change_message": ""}}, {"model": "admin.logentry", "pk": 50, "fields": {"action_time": "2021-11-20T00:37:34.978Z", "user": 1, "content_type": 14, "object_id": "160", "object_repr": "Worthington Slim-Fit Cropped Pants", "action_flag": 3, "change_message": ""}}, {"model": "admin.logentry", "pk": 51, "fields": {"action_time": "2021-11-20T00:37:34.999Z", "user": 1, "content_type": 14, "object_id": "168", "object_repr": "Danny & Nicole Sleeveless Printed Fit-and-Flare Dress - Plus", "action_flag": 3, "change_message": ""}}, {"model": "admin.logentry", "pk": 52, "fields": {"action_time": "2021-11-20T00:37:35.019Z", "user": 1, "content_type": 14, "object_id": "172", "object_repr": "Stylus Flare Jeans", "action_flag": 3, "change_message": ""}}, {"model": "admin.logentry", "pk": 53, "fields": {"action_time": "2021-11-20T01:02:31.013Z", "user": 1, "content_type": 14, "object_id": "187", "object_repr": "add 2", "action_flag": 3, "change_message": ""}}, {"model": "auth.user", "pk": 1, "fields": {"password": "pbkdf2_sha256$260000$E1dS7sSRe4CuldgDkHxzX3$r4zbGi/IMn403wSC5sGlyquW9uD07BdWoDkpHZsTp+8=", "last_login": "2021-11-20T13:54:02.885Z", "is_superuser": true, "username": "superuser", "first_name": "", "last_name": "", "email": "", "is_staff": true, "is_active": true, "date_joined": "2021-11-15T16:23:22.781Z", "groups": [], "user_permissions": []}}, {"model": "auth.user", "pk": 2, "fields": {"password": "pbkdf2_sha256$260000$47TmZtvMyNDV7VJqIL9P9i$SNDcw4sfQeX6XMSgWHNrsGDLXw28JSCCi9nk5lYHlHo=", "last_login": "2021-11-20T00:42:21.414Z", "is_superuser": false, "username": "user1", "first_name": "", "last_name": "", "email": "test@test.com", "is_staff": false, "is_active": true, "date_joined": "2021-11-18T21:07:06.269Z", "groups": [], "user_permissions": []}}, {"model": "auth.user", "pk": 3, "fields": {"password": "pbkdf2_sha256$260000$51KxfFuURog2bnduR0xrLZ$+/rGRonoh7pjmzlf3QJnVuLCH/LvlP+uwCKkv9IkzoM=", "last_login": "2021-11-18T23:39:43.362Z", "is_superuser": false, "username": "user2", "first_name": "", "last_name": "", "email": "user2@user.com", "is_staff": false, "is_active": true, "date_joined": "2021-11-18T23:39:05.640Z", "groups": [], "user_permissions": []}}, {"model": "sessions.session", "pk": "3g45an9n1i5cbxobsmtaarllck9kunrs", "fields": {"session_data": ".eJx1jDsOgzAQRO-yNULYwt8yfc5g7doGnA9IGIoEcfdgiYYizRTz3swGhD3YDXiJtMR3dvRxOX1jKbAFyytAAZbtewXqr3Xggztcl8GtOc4uBbDA4NIR-mccCwgPHPup9tO4zInqotQnzfV9CvF1O93LwYB5ONZKGobca9VIwQ0xIqUCciYbYRA7TR61kYFYMCZ2ojWadYYrz7DRkvsI-w-d-0_U:1mmkCm:4i9s9_xkShbe8qihIsucoV2YGko8HAiEpIIZmw8hWE4", "expire_date": "2021-11-29T22:12:00.636Z"}}, {"model": "sessions.session", "pk": "3tbfibguggyia8rx16xk8gq2rho2yhi9", "fields": {"session_data": "eyJiYWciOnsiMiI6eyJpdGVtc19ieV9zaXplIjp7ImE0IjoyfX19fQ:1moPQj:HL2ev1H-Cnxl6IFuE8R6brla7WgnKJuPQCqZCq0Nvfg", "expire_date": "2021-12-04T12:25:17.871Z"}}, {"model": "sessions.session", "pk": "59re82mvn8780istj19aby4t4agu1maz", "fields": {"session_data": ".eJx1jDsOgzAQRO-ydYSwBbaXMn3OYO3aBpwPSBiKBPnuiSUaijRTzHszOzAN0O2gS8Q1vJLlt03xE0pBDXRNzheQ8i8XuQiWtnW0WwqLjR46EHDqmNwjTAX4O03DXLl5WpfIVVGqg6bqNvvwvB7u6WCkNP7WWqEg6YyuVSuRBbPWnqRQdYtEvWFHBpVn4RFD3zZoRI9SO0G1UdIFyF9WsU6X:1moRJG:pCM5bd3t3OKjOLDmA6yUG9Bc8AYzeaLppJ5TO9ioLnA", "expire_date": "2021-12-04T14:25:42.520Z"}}, {"model": "sessions.session", "pk": "6j9wpgipf93oi4zxldd0h56ip2gtn6hg", "fields": {"session_data": "eyJiYWciOnsiMiI6eyJpdGVtc19ieV9zaXplIjp7ImE0IjoxfX19fQ:1mmkVG:Rv4fSB-C9nkX7NXZWlNgb-BKBzFv5JHAKTwIw0k_-3Q", "expire_date": "2021-11-29T22:31:06.348Z"}}, {"model": "sessions.session", "pk": "7fk5y0opaw0b2vfqzleokd9lv0rpfq30", "fields": {"session_data": ".eJxVjDkOgzAQRe8ydWR5nHgZyvQ5A5rxgkkikFgqxN0TJBra_977Gwh30Gxwhwb3G7S8LrVd5zy1fYIGEC6bcPzk4QDpzUM3qjgOy9SLOhR10lm9xpS_z9O9HFSe67_2jpBNDF47a0hQxPvEBp22xFyCRA7kkmAiysU-KGAh4yOyDs7EDPsPZ6c7Yw:1mmgjA:SbVWMhvJNTDazbrPeawGy3oNj23VCcBbtLqWjwmaHuo", "expire_date": "2021-11-29T18:29:12.002Z"}}, {"model": "sessions.session", "pk": "8cjjlimuguxvxbzawypar4mcmb4w7ds9", "fields": {"session_data": ".eJxtzDsOgzAQBNC7bB1Z2MI_yvQ5g7VrG3A-IGEoEsTdgyMapDRbzJvZFQg7aFYQ5aQ5vrKjt8vpE0uAEhq-bRfQ_7n-8e4Ol7l3S46TSwEa4HDKCP0jDgXCHYduZH4c5ikRKxV2aGa3McTn9eieHvSY-32tleUovNGVksISJ9I6oOCqkhaxNeTRWBWIB2tjK2treGuF9hwro4SPsH0BIDxOYw:1mn0TY:TgH_6f-qSELJgF56GnI4ViK_Ua25KrvbTTejU_W-Z7M", "expire_date": "2021-11-30T15:34:24.769Z"}}, {"model": "sessions.session", "pk": "9ytq4n6e2paw9n3zkeb5fln3smwst9ai", "fields": {"session_data": "eyJiYWciOnsiMiI6eyJpdGVtc19ieV9zaXplIjp7ImE1IjoxfX19fQ:1mmkWY:7IKaEhsIyjHkafV2hL5ek_UTctnXQiSrIlrVXW6r0JQ", "expire_date": "2021-11-29T22:32:26.424Z"}}, {"model": "sessions.session", "pk": "clpf8yi5gdn78ve531ecx85wrvgkm1uh", "fields": {"session_data": "eyJiYWciOnsiMSI6MSwiMiI6eyJpdGVtc19ieV9zaXplIjp7ImE0IjoxfX19fQ:1mn2BO:Wn6f-447pAFVPP6YUF2PxHrekNFct-I1KwUPrpr5q6U", "expire_date": "2021-11-30T17:23:46.674Z"}}, {"model": "sessions.session", "pk": "deso8sjqpxu8mawjgyrbqsgtl8n4t1zk", "fields": {"session_data": "eyJiYWciOnsiMSI6MSwiNyI6eyJpdGVtc19ieV9zaXplIjp7ImE0IjozfX0sIjkiOjF9LCJfc2Vzc2lvbl9leHBpcnkiOjB9:1mn8oD:2W9Y1lBuPuNBLCdYFq6XXDCW9cpf9wD4s7iEabcdHJE", "expire_date": "2021-12-01T00:28:17.063Z"}}, {"model": "sessions.session", "pk": "fsg42qlbi29ogrrladufffeelkuzzfc1", "fields": {"session_data": "e30:1mnr6c:1o1tg59S6OSBzFv3kVALVtq_uRdxCeKV-9MqslaGoNk", "expire_date": "2021-12-02T23:46:14.376Z"}}, {"model": "sessions.session", "pk": "i7uxbdrycmw9db2vn57dfp0jkvfztg0s", "fields": {"session_data": "eyJiYWciOnsiMSI6MX19:1mmgoP:6t9KCYiSHmtZGoIwzHdpAm-90o7s4zRBguS-5LoflfY", "expire_date": "2021-11-29T18:34:37.841Z"}}, {"model": "sessions.session", "pk": "ji3507rc0nya97d65aqqq3n1xqsi1myt", "fields": {"session_data": "eyJiYWciOnsiMiI6eyJpdGVtc19ieV9zaXplIjp7ImE0IjoxfX19fQ:1mn2C4:eEboEFPez2KdzC6wlDoGG7nUP4fTdgjfwbWBo3HEa58", "expire_date": "2021-11-30T17:24:28.679Z"}}, {"model": "sessions.session", "pk": "jwvwke7v1nfs16wukw1r1m85bhd6b2y9", "fields": {"session_data": "eyJfc2Vzc2lvbl9leHBpcnkiOjB9:1mnr7P:2k74FUDBtJ0Z-pYbHO7qpGrlgo-x4IJshTNHVeQnnZs", "expire_date": "2021-12-02T23:47:03.886Z"}}, {"model": "sessions.session", "pk": "kjqr1ig3x2b6ekccqh26bvj134o2n0rl", "fields": {"session_data": "eyJfc2Vzc2lvbl9leHBpcnkiOjB9:1mnqt9:9FxsSsXTvjvAJZjrOvT61COQ2AjTBpfLui80dcqmzKY", "expire_date": "2021-12-02T23:32:19.195Z"}}, {"model": "sessions.session", "pk": "l9lajfxjmuoslncnrnu7sgtzx67639th", "fields": {"session_data": "eyJiYWciOnsiNyI6eyJpdGVtc19ieV9zaXplIjp7ImE0IjoyfX0sIjMiOjJ9fQ:1mn1MN:_kSImOy6JNC6IK3OcOQPnzQiTfWkeC0eTqeLRbPg_iM", "expire_date": "2021-11-30T16:31:03.741Z"}}, {"model": "sessions.session", "pk": "ly0ibenetbi62q4n2q4liz828k67xqcv", "fields": {"session_data": "eyJiYWciOnsiMiI6eyJpdGVtc19ieV9zaXplIjp7ImE0IjoxfX19fQ:1mmkFJ:DNR2U7DD2fzL2C6Dmbhupi4UqXQNq_yH7v2RhlrLxOY", "expire_date": "2021-11-29T22:14:37.237Z"}}, {"model": "sessions.session", "pk": "o0zj5b3crv4b26z2gh5f405fc1hi7f01", "fields": {"session_data": ".eJxVjDsOgzAQBe-ydWSxVrC9LtPnDNaubT5JZCQMFeLuAYmGdmbe20C4B78Bgtf7AwKvyxDWmucwJvAHvjHh-M3lFOnDpZ9UnMoyj6LORF22qveU8u91tbeDgetwrK0hZB2dbUyrSVDE2sQaTdMSc-cksiOTBBNR7tonOexI24jcOKNjhv0PZvQ7Yg:1mn63w:cM396ZiL9aPGFpHsmDbVllrP7_6zUz8F5DJsSGogvhU", "expire_date": "2021-11-30T21:32:20.624Z"}}, {"model": "sessions.session", "pk": "p8ivq9tkrzd2zfpqq77pn3iiv2yn3wyj", "fields": {"session_data": ".eJxVjL0OgzAQg98lcxVxKSQ5xu59huguCZD-gERgaFHfvURiaD148Gd7E47WZXBrjrNLQbQCxOk3Y_L3OBYQbjT2k_TTuMyJZanIg2Z5nUJ8XI7u38FAedjXRiOQ8tZUulHIwGxMIAW6apCos-zJog4MATF2TY0WOlTGA1VWKx_3U6ZetJtQxdISn9nxy-X0jiWgWrTnz64vOu5EWw:1mmfYc:LaDg-mrd1DUhkPSF32oKy9YoaAUHSxGIDKcGhsCldKA", "expire_date": "2021-11-29T17:14:14.731Z"}}, {"model": "sessions.session", "pk": "vuq8k6vqngewhqg9mxst1s83vy8nsheg", "fields": {"session_data": ".eJxVjEEOwiAQRe_C2hDoMEVcuvcMBJipRQ2Y0iYa4921STfd_vfe_wjfuLVci-fXM09vcVIH4cMyj35pPPlM4iQ6sdtiSHcuK6BbKNcqUy3zlKNcFbnRJi-V-HHe3N3BGNr4r7EnMI6NStq5gXU8InQMxmBvnCVE5QbXRwKlDYAeEqEKDq22NkAkFN8f4R89_w:1mnrTG:Sm7QLbIRLGPLF-vSWp7ZbQrspEPZdMiKmo08xeo3Wt4", "expire_date": "2021-12-03T00:09:38.427Z"}}, {"model": "sessions.session", "pk": "xnse0l2xhrvu9brpcqk5w6b75i6rylxd", "fields": {"session_data": "eyJiYWciOnsiMSI6NX19:1mn2ET:MttpOUJOrxVBZrnzPPwHHlWKSN9AmloTIhUD4Gb3OCk", "expire_date": "2021-11-30T17:26:57.033Z"}}, {"model": "sessions.session", "pk": "zremn0nltku2qri4taprf2xruryxaevw", "fields": {"session_data": ".eJxVjEEOwiAQRe_C2hCGWGC6dO8ZyAxQixowpU1qjHfXJt10-997_yN8S63lWnxaX3l6i16dhKdlHv3S0uRzFL0AcdiYwiOVDcQ7lVuVoZZ5yiw3Re60yWuN6XnZ3cPBSG3819YgkA7OKtNpZGC2NpIGozokGhwHcmgiQ0RMQ3dGBwNqG4CUMzok8f0B-5I-8g:1moElz:f1-mp6XsZIu1NBxNuO9EF5zASQE0BKQQDFoakYcja0U", "expire_date": "2021-12-04T01:02:31.246Z"}}, {"model": "sites.site", "pk": 1, "fields": {"domain": "example.com", "name": "example.com"}}, {"model": "account.emailaddress", "pk": 1, "fields": {"user": 2, "email": "test@test.com", "verified": true, "primary": true}}, {"model": "account.emailaddress", "pk": 2, "fields": {"user": 3, "email": "user2@user.com", "verified": true, "primary": true}}, {"model": "graphics.category", "pk": 2, "fields": {"name": "logo", "friendly_name": "Logo"}}, {"model": "graphics.category", "pk": 4, "fields": {"name": "poster", "friendly_name": "Poster"}}, {"model": "graphics.category", "pk": 6, "fields": {"name": "icon", "friendly_name": "Icon"}}, {"model": "graphics.category", "pk": 10, "fields": {"name": "deals", "friendly_name": "Deals"}}, {"model": "graphics.graphic", "pk": 1, "fields": {"category": 6, "sku": "pp5001340155", "name": "Incoming Video Call Icon", "description": "Incoming Video Call Icon", "requirement": null, "has_sizes": false, "price": "11.00", "rating": "4.60", "image_url": "https://www.freepik.com/premium-vector/incoming-video-call-linear-icon_20000687.htm?query=marketing%20icons", "image": "incoming_video_call_linear_icon.jpg", "size": "", "orientation": ""}}, {"model": "graphics.graphic", "pk": 2, "fields": {"category": 4, "sku": "pp5001600425", "name": "Corporate Business Flyer", "description": "Corporate Business Flyer", "requirement": null, "has_sizes": true, "price": "58.99", "rating": "4.60", "image_url": "https://www.freepik.com/premium-vector/corporate-business-flyer-poster-brochure-cover-design-layout-template_16519384.htm#page=1&query=poster%20template&position=6&from_view=search", "image": "587EE.jpg", "size": "", "orientation": ""}}, {"model": "graphics.graphic", "pk": 3, "fields": {"category": 2, "sku": "pp5001730010", "name": "Fire Logo", "description": "Fire Logo", "requirement": null, "has_sizes": false, "price": "205.99", "rating": "4.70", "image_url": "https://www.freepik.com/premium-psd/fire-logo_9250576.htm#page=1&query=logo&position=24&from_view=search", "image": "60.jpg", "size": "", "orientation": ""}}, {"model": "graphics.graphic", "pk": 7, "fields": {"category": 4, "sku": "pp5002440521", "name": "Webinar Flyer", "description": "Webinar Flyer", "requirement": null, "has_sizes": true, "price": "59.00", "rating": "4.40", "image_url": "https://www.freepik.com/premium-vector/abstract-webinar-flyers-template_11107396.htm#page=1&query=poster%20template&position=25&from_view=search", "image": "4653052.jpg", "size": "", "orientation": ""}}, {"model": "graphics.graphic", "pk": 9, "fields": {"category": 2, "sku": "pp5002690715", "name": "Bird Logo", "description": "Bird Logo", "requirement": null, "has_sizes": false, "price": "169.99", "rating": "4.70", "image_url": "https://www.freepik.com/premium-psd/glass-logo-mockup-black-fabric_14191728.htm?query=logo", "image": "428.jpg", "size": "", "orientation": ""}}, {"model": "graphics.graphic", "pk": 16, "fields": {"category": 6, "sku": "pp5003050248", "name": "Call Settings Icon", "description": "Call Settings Icon", "requirement": null, "has_sizes": false, "price": "65.99", "rating": "4.40", "image_url": "https://www.freepik.com/premium-vector/call-settings-icon-phone-gear-vector_16246376.htm?query=marketing%20icons", "image": "call_settings_icon_phone_and_gear_vector.jpg", "size": "", "orientation": ""}}, {"model": "graphics.graphic", "pk": 18, "fields": {"category": 2, "sku": "pp5003090182", "name": "Luxury Logo", "description": "Luxury Logo", "requirement": null, "has_sizes": false, "price": "59.99", "rating": "4.80", "image_url": "https://www.freepik.com/premium-psd/close-up-luxury-logo-mockup_9496775.htm?query=logo", "image": "131.jpg", "size": "", "orientation": ""}}, {"model": "graphics.graphic", "pk": 19, "fields": {"category": 2, "sku": "pp5003090186", "name": "Tree Logo", "description": "Tree Logo", "requirement": null, "has_sizes": false, "price": "60.99", "rating": "5.00", "image_url": "https://www.freepik.com/premium-psd/logo-mockup-concrete-texture_12512742.htm?query=logo", "image": "417.jpg", "size": "", "orientation": ""}}, {"model": "graphics.graphic", "pk": 22, "fields": {"category": 4, "sku": "pp5003270936", "name": "Red Flyer", "description": "Red Flyer", "requirement": null, "has_sizes": true, "price": "76.99", "rating": "5.00", "image_url": "https://www.freepik.com/premium-psd/red-flyer-template_4136066.htm#page=1&query=poster%20template&position=31&from_view=search", "image": "846.jpg", "size": "", "orientation": ""}}, {"model": "graphics.graphic", "pk": 24, "fields": {"category": 2, "sku": "pp5003440111", "name": "Real Estate Logo", "description": "Real Estate Logo", "requirement": null, "has_sizes": false, "price": "82.00", "rating": "3.80", "image_url": "https://www.freepik.com/premium-vector/house-real-estate-logo-design-template_1421487.htm?query=logo", "image": "266.jpg", "size": "", "orientation": ""}}, {"model": "graphics.graphic", "pk": 28, "fields": {"category": 4, "sku": "pp5003570628", "name": "Travel Flyer", "description": "Travel Flyer", "requirement": null, "has_sizes": true, "price": "53.99", "rating": "4.30", "image_url": "https://www.freepik.com/premium-vector/travel-flyer-template-with-photo_5494157.htm#page=1&query=poster%20template&position=34&from_view=search", "image": "2856884.jpg", "size": "", "orientation": ""}}, {"model": "graphics.graphic", "pk": 29, "fields": {"category": 2, "sku": "pp5003620308", "name": "Graphic Design Software Logo", "description": "Graphic Design Software Logo", "requirement": null, "has_sizes": false, "price": "31.99", "rating": "4.60", "image_url": "https://www.freepik.com/premium-psd/graphic-design-software-logo-mockup_8119684.htm#page=1&query=logo&position=25&from_view=search", "image": "8.jpg", "size": "", "orientation": ""}}, {"model": "graphics.graphic", "pk": 30, "fields": {"category": 2, "sku": "pp5003690115", "name": "Wall Logo", "description": "Wall Logo", "requirement": null, "has_sizes": false, "price": "72.99", "rating": "5.00", "image_url": "https://www.freepik.com/premium-psd/wall-logo-mockup_9477414.htm?query=logo", "image": "42.jpg", "size": "", "orientation": ""}}, {"model": "graphics.graphic", "pk": 33, "fields": {"category": 2, "sku": "pp5003790542", "name": "Business Card Logo", "description": "Business Card Logo", "requirement": null, "has_sizes": false, "price": "58.99", "rating": "4.50", "image_url": "https://www.freepik.com/premium-psd/luxury-dark-business-card-logo-mockup-with-embossed-effect_16596731.htm?query=logo", "image": "199.jpg", "size": "", "orientation": ""}}, {"model": "graphics.graphic", "pk": 35, "fields": {"category": 6, "sku": "pp5003861402", "name": "Request Callback Icon", "description": "Request Callback Icon", "requirement": null, "has_sizes": false, "price": "50.99", "rating": "4.70", "image_url": "https://www.freepik.com/premium-vector/request-call-callback-icon-with-phone-vector_18750461.htm?query=marketing%20icons", "image": "request_call_callback_icon_with_a_phone_vector.jpg", "size": "", "orientation": ""}}, {"model": "graphics.graphic", "pk": 36, "fields": {"category": 4, "sku": "pp5003910638", "name": "Fashion Banner", "description": "Fashion Banner", "requirement": null, "has_sizes": true, "price": "23.99", "rating": "4.60", "image_url": "https://www.freepik.com/premium-vector/fashion-instagram-banner-post-template_10616844.htm#page=1&query=poster%20template&position=40&from_view=search", "image": "70.jpg", "size": "", "orientation": ""}}, {"model": "graphics.graphic", "pk": 37, "fields": {"category": 2, "sku": "pp5003950574", "name": "Gold Logo", "description": "Gold Logo", "requirement": null, "has_sizes": false, "price": "21.99", "rating": "4.00", "image_url": "https://www.freepik.com/premium-psd/3d-gold-logo-mockup_10619878.htm?query=logo", "image": "195.jpg", "size": "", "orientation": ""}}, {"model": "graphics.graphic", "pk": 38, "fields": {"category": 2, "sku": "pp5003950576", "name": "Office Wall Logo", "description": "Office Wall Logo", "requirement": null, "has_sizes": false, "price": "60.99", "rating": "4.50", "image_url": "https://www.freepik.com/premium-psd/logo-mockup-office-black-wall-meeting-room_11921890.htm#page=1&query=logo%20mockup%20mockup%20logo&position=2&from_view=search", "image": "Logo_Mockup_Office_Black_Wall_Meeting_Room.jpg", "size": "", "orientation": ""}}, {"model": "graphics.graphic", "pk": 45, "fields": {"category": 2, "sku": "pp5004230059", "name": "Concrete Texture Logo", "description": "Concrete Texture Logo", "requirement": null, "has_sizes": false, "price": "41.00", "rating": "4.60", "image_url": "https://www.freepik.com/premium-psd/logo-mockup-concrete-texture_12512738.htm#page=1&query=logo%20mockup%20mockup%20logo&position=14&from_view=search", "image": "413.jpg", "size": "", "orientation": ""}}, {"model": "graphics.graphic", "pk": 46, "fields": {"category": 2, "sku": "pp5004310089", "name": "Watercolor Paper Logo", "description": "Watercolor Paper Logo", "requirement": null, "has_sizes": false, "price": "162.99", "rating": "4.50", "image_url": "https://www.freepik.com/premium-psd/watercolor-logo-mockup-paper_6640588.htm#page=1&query=logo%20mockup%20mockup%20logo&position=31&from_view=search", "image": "63.jpg", "size": "", "orientation": ""}}, {"model": "graphics.graphic", "pk": 55, "fields": {"category": 4, "sku": "pp5004991162", "name": "Corporate Brochure", "description": "Corporate Brochure", "requirement": null, "has_sizes": true, "price": "28.99", "rating": "4.50", "image_url": "https://www.freepik.com/premium-vector/corporate-brochure-template_2697089.htm#page=1&query=poster%20template&position=45&from_view=search", "image": "123.jpg", "size": "", "orientation": ""}}, {"model": "graphics.graphic", "pk": 56, "fields": {"category": 6, "sku": "pp5005000046", "name": "VOIP Call Icon", "description": "VOIP Call Icon", "requirement": null, "has_sizes": false, "price": "65.99", "rating": "3.90", "image_url": "https://www.freepik.com/premium-vector/voip-call-line-vector-icon_16246388.htm?query=marketing%20icons", "image": "Voip_call_line_vector_icon.jpg", "size": "", "orientation": ""}}, {"model": "graphics.graphic", "pk": 60, "fields": {"category": 4, "sku": "pp5005200166", "name": "Travel Flyer", "description": "Travel Flyer", "requirement": null, "has_sizes": true, "price": "65.99", "rating": "4.40", "image_url": "https://www.freepik.com/premium-vector/travel-flyer_11497969.htm#page=1&query=poster%20template&position=44&from_view=search", "image": "20818843.jpg", "size": "", "orientation": ""}}, {"model": "graphics.graphic", "pk": 68, "fields": {"category": 6, "sku": "pp5005510265", "name": "Cursor Icon", "description": "Cursor Icon", "requirement": null, "has_sizes": false, "price": "50.99", "rating": "4.70", "image_url": "https://www.freepik.com/premium-vector/pointer-icon-sticker-cursor-sign-click-icon-computer-mouse-cursors-pointing-arrow-wait-vector-isolated-background-eps-10_17450058.htm#page=1&query=www%20icon&position=6&from_view=search", "image": "4420.jpg", "size": "", "orientation": ""}}, {"model": "graphics.graphic", "pk": 72, "fields": {"category": 6, "sku": "pp5005630605", "name": "Letter A Icon", "description": "Letter A Icon", "requirement": null, "has_sizes": false, "price": "60.99", "rating": "4.60", "image_url": "https://www.freepik.com/premium-vector/letter-initial_2361743.htm#page=1&query=media%20icons&position=21&from_view=search", "image": "53.jpg", "size": "", "orientation": ""}}, {"model": "graphics.graphic", "pk": 73, "fields": {"category": 6, "sku": "pp5005630637", "name": "3D Locator Icon", "description": "3D Locator Icon", "requirement": null, "has_sizes": false, "price": "60.99", "rating": "4.70", "image_url": "https://www.freepik.com/premium-psd/3d-location-icon-glossy-metalic-isolated_16494275.htm#page=1&query=icon&position=34&from_view=search", "image": "251.jpg", "size": "", "orientation": ""}}, {"model": "graphics.graphic", "pk": 74, "fields": {"category": 6, "sku": "pp5005630638", "name": "3D Letter D Icon", "description": "3D Letter D Icon", "requirement": null, "has_sizes": false, "price": "60.99", "rating": "4.20", "image_url": "https://www.freepik.com/premium-psd/3d-realistic-letter_14447892.htm?query=icon", "image": "13.jpg", "size": "", "orientation": ""}}, {"model": "graphics.graphic", "pk": 75, "fields": {"category": 6, "sku": "pp5005650677", "name": "3D Letter X Balloon Icon", "description": "3D Letter X Balloon Icon", "requirement": null, "has_sizes": false, "price": "48.99", "rating": "4.40", "image_url": "https://www.freepik.com/premium-psd/3d-realistic-letter-x-helium-foil-balloon-isolated_13985569.htm?query=icon", "image": "24.jpg", "size": "", "orientation": ""}}, {"model": "graphics.graphic", "pk": 76, "fields": {"category": 6, "sku": "pp5005700140", "name": "3D Letter B Gift Wrapped", "description": "3D Letter B Gift Wrapped", "requirement": null, "has_sizes": false, "price": "50.99", "rating": "5.00", "image_url": "https://www.freepik.com/premium-psd/alphabet-letter-b-gift-wrapped-dark-black-paper-with-luxury-golden-bow-isolated-psd-file_18490406.htm#page=1&query=icon&position=45&from_view=search", "image": "b.jpg", "size": "", "orientation": ""}}, {"model": "graphics.graphic", "pk": 78, "fields": {"category": 6, "sku": "pp5005740561", "name": "3D Number 5 Gift Wrapped", "description": "3D Number 5 Gift Wrapped", "requirement": null, "has_sizes": false, "price": "60.99", "rating": "4.60", "image_url": "https://www.freepik.com/premium-psd/alphabet-number-5-gift-wrapped-dark-black-paper-with-luxury-golden-bow-isolated-psd-file_18490390.htm?query=icon", "image": "5.jpg", "size": "", "orientation": ""}}, {"model": "graphics.graphic", "pk": 79, "fields": {"category": 6, "sku": "pp5005740634", "name": "Dental Implants Icon", "description": "Dental Implants Icon", "requirement": null, "has_sizes": false, "price": "60.99", "rating": "4.50", "image_url": "https://www.freepik.com/premium-psd/dental-implants-surgery-concept-transparent-psd-file_16970367.htm#page=1&query=icon&position=35&from_view=search", "image": "2556.jpg", "size": "", "orientation": ""}}, {"model": "graphics.graphic", "pk": 87, "fields": {"category": 4, "sku": "pp5005860175", "name": "Corporate Flyer", "description": "Corporate Flyer", "requirement": null, "has_sizes": true, "price": "58.99", "rating": "4.80", "image_url": "https://www.freepik.com/premium-psd/corporate-business-flyer-template_5328787.htm#page=1&query=poster%20template&position=29&from_view=search", "image": "43.jpg", "size": "", "orientation": ""}}, {"model": "graphics.graphic", "pk": 100, "fields": {"category": 4, "sku": "pp5006081758", "name": "Abstract Travel Poster", "description": "Abstract Travel Poster", "requirement": null, "has_sizes": true, "price": "53.99", "rating": "4.80", "image_url": "https://www.freepik.com/premium-vector/abstract-travelling-poster-template-with-photo_7453879.htm#page=1&query=poster%20template&position=48&from_view=search", "image": "4653052_T9proFl.jpg", "size": "", "orientation": ""}}, {"model": "graphics.graphic", "pk": 108, "fields": {"category": 4, "sku": "pp5006170357", "name": "Black Friday", "description": "Black Friday", "requirement": null, "has_sizes": true, "price": "60.99", "rating": "3.70", "image_url": "https://www.freepik.com/premium-vector/black-friday-poster_19708770.htm#page=1&query=poster%20template&position=10&from_view=search", "image": "1056_Black_Friday_Poster.jpg", "size": "", "orientation": ""}}, {"model": "graphics.graphic", "pk": 115, "fields": {"category": 4, "sku": "pp5006243106", "name": "Business Flyer Template", "description": "Business Flyer Template", "requirement": null, "has_sizes": true, "price": "58.99", "rating": "4.00", "image_url": "https://www.freepik.com/premium-vector/business-flyer-template_16782139.htm#page=1&query=poster%20template&position=15&from_view=search", "image": "499_Business_Flyer_Template.jpg", "size": "", "orientation": ""}}, {"model": "graphics.graphic", "pk": 116, "fields": {"category": 10, "sku": "pp5006243276", "name": "Halloween", "description": "Halloween", "requirement": null, "has_sizes": true, "price": "41.00", "rating": "5.00", "image_url": "https://www.freepik.com/premium-psd/halloween-vertical-print-template-with-pumpkins-monster-hand_18393814.htm#page=1&query=poster%20template&position=2&from_view=search", "image": "5911202.jpg", "size": "", "orientation": ""}}, {"model": "testimonials.testimonial", "pk": 2, "fields": {"stars": "***", "text": "fgfgfg", "author": 1}}, {"model": "testimonials.testimonial", "pk": 3, "fields": {"stars": "****", "text": "fddfdfd", "author": 1}}, {"model": "testimonials.testimonial", "pk": 4, "fields": {"stars": "eeeee", "text": "eeee", "author": 1}}, {"model": "testimonials.testimonial", "pk": 5, "fields": {"stars": "**", "text": "hello", "author": 2}}, {"model": "testimonials.testimonial", "pk": 6, "fields": {"stars": "***", "text": "thththththth", "author": 2}}, {"model": "testimonials.testimonial", "pk": 7, "fields": {"stars": "***", "text": "great graphics here", "author": 2}}, {"model": "checkout.order", "pk": 4, "fields": {"order_number": "F1E5DB5EB8D84793BC47EE6DBDA10F34", "user_profile": 1, "full_name": "user1", "email": "test@test.com", "phone_number": "01234567890", "country": "US", "postcode": "12345", "town_or_city": "anywhere", "street_address1": "street 1", "street_address2": null, "county": "anycountry", "date": "2021-11-19T17:53:51.525Z", "discount_amount": "11.80", "order_total": "117.98", "grand_total": "106.18", "original_bag": "{\"2\": {\"items_by_size\": {\"a4\": 2}}}", "stripe_pid": "pi_3JxbGGHUE1qNx3da0u6FtRpQ"}}, {"model": "checkout.order", "pk": 5, "fields": {"order_number": "A45BA5AC185B4EA2A844BF29DD1F6668", "user_profile": 1, "full_name": "Test User", "email": "test@test.com", "phone_number": "01234567890", "country": "US", "postcode": "12345", "town_or_city": "anywhere", "street_address1": "street 1", "street_address2": null, "county": "anycountry", "date": "2021-11-19T18:42:14.417Z", "discount_amount": "6.10", "order_total": "60.99", "grand_total": "54.89", "original_bag": "{\"19\": 1}", "stripe_pid": "pi_3Jxc1VHUE1qNx3da1ZwCPOfM"}}, {"model": "checkout.order", "pk": 6, "fields": {"order_number": "81DB1B44423C4FEFA373B44DD63419D1", "user_profile": 1, "full_name": "Test confirmation email", "email": "feeneyk@gmail.com", "phone_number": "01234567890", "country": "US", "postcode": "12345", "town_or_city": "anywhere", "street_address1": "street 1", "street_address2": null, "county": "anycountry", "date": "2021-11-19T19:44:20.712Z", "discount_amount": "5.90", "order_total": "58.99", "grand_total": "53.09", "original_bag": "{\"2\": {\"items_by_size\": {\"a4\": 1}}}", "stripe_pid": "pi_3JxczfHUE1qNx3da0D5eZBnA"}}, {"model": "checkout.orderlineitem", "pk": 30, "fields": {"order": 4, "graphic": 2, "graphic_size": "a4", "graphic_orientation": null, "quantity": 2, "lineitem_total": "117.98"}}, {"model": "checkout.orderlineitem", "pk": 31, "fields": {"order": 5, "graphic": 19, "graphic_size": null, "graphic_orientation": null, "quantity": 1, "lineitem_total": "60.99"}}, {"model": "checkout.orderlineitem", "pk": 32, "fields": {"order": 6, "graphic": 2, "graphic_size": "a4", "graphic_orientation": null, "quantity": 1, "lineitem_total": "58.99"}}, {"model": "profiles.userprofile", "pk": 1, "fields": {"user": 2, "default_phone_number": "01234567890", "default_street_address1": "street 1", "default_street_address2": null, "default_town_or_city": "anywhere", "default_county": "anycountry", "default_postcode": "12345", "default_country": "US"}}, {"model": "profiles.userprofile", "pk": 2, "fields": {"user": 3, "default_phone_number": null, "default_street_address1": null, "default_street_address2": null, "default_town_or_city": null, "default_county": null, "default_postcode": null, "default_country": null}}, {"model": "profiles.userprofile", "pk": 3, "fields": {"user": 1, "default_phone_number": null, "default_street_address1": null, "default_street_address2": null, "default_town_or_city": null, "default_county": null, "default_postcode": null, "default_country": null}}]